<?xml version="1.0" encoding="UTF-8"?>
<project xmlns="http://maven.apache.org/POM/4.0.0" xmlns:xsi="http://www.w3.org/2001/XMLSchema-instance" xsi:schemaLocation="http://maven.apache.org/POM/4.0.0 http://maven.apache.org/maven-v4_0_0.xsd">
  <modelVersion>4.0.0</modelVersion>
  <groupId>com.jpmorgan.stockmarket</groupId>
  <artifactId>supersimplestock</artifactId>
  <name>Super Simple Stock Market</name>
  <version>0.0.1-SNAPSHOT</version>
  <description>Super Simple Stock Market Example Assignment</description>
  <build>
    <plugins>
      <plugin>
        <artifactId>maven-compiler-plugin</artifactId>
        <version>3.3</version>
        <configuration>
          <source>1.8</source>
          <target>1.8</target>
        </configuration>
      </plugin>
      <plugin>
        <artifactId>maven-shade-plugin</artifactId>
        <version>2.4.1</version>
        <executions>
          <execution>
            <phase>package</phase>
            <goals>
              <goal>shade</goal>
            </goals>
            <configuration>
              <transformers>
                <transformer>
                  <mainClass>com.jpmorgan.stockmarket.SuperStockApplication</mainClass>
                </transformer>
              </transformers>
            </configuration>
          </execution>
        </executions>
      </plugin>
    </plugins>
  </build>
  <properties>
    <spring.version>4.2.1.RELEASE</spring.version>
    <commons.math3.version>3.0</commons.math3.version>
    <log4j.version>1.2.17</log4j.version>
    <commons.lang.version>2.6</commons.lang.version>
    <commons.collections.version>3.2.1</commons.collections.version>
    <commons.logging.version>1.1.1</commons.logging.version>
    <junit.version>4.8.1</junit.version>
  </properties>
</project>

